{
  "uniform": {
    "learn_final_mean": 0.2909700217365259,
    "learn_final_std": 0.03167914942528037,
    "noise_final_mean": 1.5958093568898772,
    "overall_final_mean": 0.1882469104327675,
    "curve_x": [
      0,
      12800,
      25600,
      38400,
      51200,
      64000,
      76800,
      89600,
      102400,
      115200,
      128000,
      140800,
      153600,
      166400,
      179200,
      192000,
      204800,
      217600,
      230400,
      243200,
      256000,
      268800,
      281600,
      294400,
      307200,
      320000,
      332800,
      345600,
      358400,
      371200,
      384000,
      396800,
      409600,
      422400,
      435200,
      448000,
      460800,
      473600,
      486400,
      499200,
      511872
    ],
    "curve_mean": [
      3.291707855864434,
      2.7135431774411387,
      1.8375414341424112,
      1.645966029935328,
      1.5450501116771629,
      1.4716784145388278,
      1.3878049748786114,
      1.3372716330627548,
      1.2896124220112961,
      1.1936616092941925,
      1.1184057527387044,
      1.058988690001685,
      1.0103943273502451,
      0.9205945753980938,
      0.8576952349030584,
      0.8114554076732234,
      0.7462241675773925,
      0.6927757521679988,
      0.6281613911005693,
      0.574071936733404,
      0.5346362626961662,
      0.504930860082313,
      0.4595178383204743,
      0.44567065014786766,
      0.4107740753228467,
      0.39589699463180483,
      0.384765237373045,
      0.373252375658674,
      0.3671398770996552,
      0.344657752231132,
      0.3177658977424854,
      0.32921507550587675,
      0.3300065778635354,
      0.31354149810485876,
      0.2995455535869401,
      0.2977911017457172,
      0.30167686567691304,
      0.3129313343334942,
      0.31233866079295597,
      0.2815886672163833,
      0.2909700217365259
    ],
    "curve_std": [
      0.008161564455057455,
      0.17602747913425681,
      0.12221550273169744,
      0.0841140966753007,
      0.09532733459129515,
      0.06789041631420449,
      0.08183831476017275,
      0.09084243021263601,
      0.05542864232029692,
      0.07676530717202246,
      0.10185277343860145,
      0.11315264964467459,
      0.11983888950987946,
      0.14805861953666374,
      0.1340564510806741,
      0.1590612065759102,
      0.14942518281529557,
      0.16105443280355383,
      0.13201044815719937,
      0.1221897038300348,
      0.1070242467653358,
      0.10902564482511864,
      0.09546179088033467,
      0.11033653736647347,
      0.07056230137588575,
      0.06659155974706599,
      0.047477719218096445,
      0.04709583888870801,
      0.05831467650085899,
      0.032563589966719736,
      0.05439631266350611,
      0.044644245083724755,
      0.03786948187779034,
      0.017976598172254128,
      0.023791799340266758,
      0.020948777586545224,
      0.010356549402214298,
      0.025443477732681862,
      0.022300733174848018,
      0.03462307434154892,
      0.03167914942528037
    ]
  },
  "gradnorm_biased": {
    "learn_final_mean": 0.30486450140401605,
    "learn_final_std": 0.012681719661980598,
    "noise_final_mean": 1.6035738458093092,
    "overall_final_mean": 0.19901629509014065,
    "curve_x": [
      128,
      12928,
      25728,
      38528,
      51328,
      64128,
      76928,
      89728,
      102528,
      115328,
      128128,
      140928,
      153728,
      166528,
      179328,
      192128,
      204928,
      217728,
      230528,
      243328,
      256128,
      268928,
      281728,
      294528,
      307328,
      320128,
      332928,
      345728,
      358528,
      371328,
      384128,
      396928,
      409728,
      422528,
      435328,
      448128,
      460928,
      473728,
      486528,
      499328,
      512000
    ],
    "curve_mean": [
      3.292134073717622,
      1.946037580812673,
      1.5846504285559315,
      1.4108809613389472,
      1.321953696473902,
      1.1609828776060667,
      0.973782276593781,
      0.8274193761356384,
      0.625892539891379,
      0.5674720750872704,
      0.4718235855923785,
      0.4496692448640064,
      0.4005896317158574,
      0.39572953997325727,
      0.3980835818460291,
      0.3570667917399119,
      0.39720698555806655,
      0.37379626634150737,
      0.35981706294613713,
      0.3535291012576097,
      0.32140347338798053,
      0.3477796914642092,
      0.33679119736710966,
      0.32332052052559435,
      0.3334986983590822,
      0.29612796418490606,
      0.33308538400309246,
      0.3261711736927554,
      0.307223383764805,
      0.29990309216237987,
      0.324730620142867,
      0.3031298462927248,
      0.3070100860836703,
      0.3254678786221499,
      0.28462276666776265,
      0.3093407948666745,
      0.27738245232274555,
      0.29500345167506137,
      0.3067268599825862,
      0.3070401020996526,
      0.30486450140401605
    ],
    "curve_std": [
      0.019715904065979305,
      0.09317795487137658,
      0.05113616774873194,
      0.055334317625634996,
      0.06039369928724778,
      0.05459938980686579,
      0.12883443096777247,
      0.13477147619566754,
      0.11482464028397361,
      0.07684024394982639,
      0.08037895610196248,
      0.04323189867374739,
      0.029353054115981207,
      0.023854474671881544,
      0.045019329982267146,
      0.02493009182272054,
      0.030826393916195047,
      0.009919682255901842,
      0.012908870839174951,
      0.026484632952320356,
      0.01282839178789495,
      0.033388960958924206,
      0.04041469104807983,
      0.025841234983559957,
      0.03336929912727386,
      0.031161204172647526,
      0.04328081587525914,
      0.028449651148177442,
      0.03680580213032319,
      0.018127667941526662,
      0.030052211208265633,
      0.02621074411211205,
      0.025608613207113412,
      0.023947531522282392,
      0.009322190610173114,
      0.015605414256721269,
      0.025391251064739693,
      0.023227104637095985,
      0.016626701095154846,
      0.022276331865337895,
      0.012681719661980598
    ]
  },
  "reducible": {
    "learn_final_mean": 0.26029603077170194,
    "learn_final_std": 0.030761094931006632,
    "noise_final_mean": 1.591439318655555,
    "overall_final_mean": 0.1928548931651169,
    "curve_x": [
      128,
      12928,
      25728,
      38528,
      51328,
      64128,
      76928,
      89728,
      102528,
      115328,
      128128,
      140928,
      153728,
      166528,
      179328,
      192128,
      204928,
      217728,
      230528,
      243328,
      256128,
      268928,
      281728,
      294528,
      307328,
      320128,
      332928,
      345728,
      358528,
      371328,
      384128,
      396928,
      409728,
      422528,
      435328,
      448128,
      460928,
      473728,
      486528,
      499328,
      512000
    ],
    "curve_mean": [
      3.288102014500576,
      1.5830298513357743,
      1.4560796734186043,
      1.042768941484907,
      0.704030567477713,
      0.616068644047985,
      0.4529581203022858,
      0.40548104247638295,
      0.3141870976463469,
      0.2931373010738326,
      0.3103376511667657,
      0.3030359962770095,
      0.2869185312029562,
      0.2884659396349952,
      0.28021633322722644,
      0.3037868628120036,
      0.2745739457861408,
      0.2973242767077571,
      0.2752999778524226,
      0.2822680581354607,
      0.28454077779304354,
      0.25188227555603937,
      0.26658633916891944,
      0.2683847969890307,
      0.27862627509003224,
      0.2531964128467694,
      0.25463105389742285,
      0.26428469775375074,
      0.26832320810327326,
      0.25285197132515946,
      0.24894280726548032,
      0.25672865066292055,
      0.26027026688332866,
      0.2596557310453149,
      0.25296421052077916,
      0.2428168883028547,
      0.23662056911731894,
      0.24471997000147167,
      0.2540050454612091,
      0.2519065979728349,
      0.26029603077170194
    ],