{
  "uniform": {
    "final_mean": 0.23571308074850944,
    "final_std": 0.018407790696402773,
    "curve_x": [
      0,
      6400,
      12800,
      19200,
      25600,
      32000,
      38400,
      44800,
      51200,
      57600,
      64000,
      70400,
      76800,
      83200,
      89600,
      96000,
      102400,
      108800,
      115200,
      121600,
      128000,
      134400,
      140800,
      147200,
      153600,
      160000,
      166400,
      172800,
      179200,
      185600,
      192000,
      198400,
      204800,
      211200,
      217600,
      224000,
      230400,
      236800,
      243200,
      249600,
      256000,
      262400,
      268800,
      275200,
      281600,
      288000,
      294400,
      300800,
      307200,
      313600,
      320000,
      326400,
      332800,
      339200,
      345600,
      352000,
      358400,
      364800,
      371200,
      377600,
      384000,
      390400,
      396800,
      403200,
      409600,
      416000,
      422400,
      428800,
      435200,
      441600,
      448000,
      454400,
      460800,
      467200,
      473600,
      480000,
      486400,
      492800,
      499200,
      505600,
      511872
    ],
    "curve_mean": [
      3.50600901194681,
      1.0501622006496576,
      0.5392748552865109,
      0.40004523438990003,
      0.34038598031824024,
      0.3036768970807632,
      0.28070649354959304,
      0.2711056942824469,
      0.2644093121107875,
      0.25755881829430016,
      0.25661477761834883,
      0.2525914747078467,
      0.2513463364957248,
      0.2512586782432264,
      0.24608317297465576,
      0.24541934249709713,
      0.242496110434043,
      0.24511949432451305,
      0.24376691478547374,
      0.24334421769746592,
      0.24346741194633353,
      0.2410608938304947,
      0.24070511322407037,
      0.24052759655162675,
      0.24212167970529377,
      0.2383558780796457,
      0.24156935882107805,
      0.24236884371476602,
      0.24015256821353467,
      0.24140050176413985,
      0.23933057415738634,
      0.23624354141260717,
      0.23942971082353473,
      0.23942253744990666,
      0.239831509132349,
      0.23857643662595662,
      0.23761514655075372,
      0.23712741641078053,
      0.2378284674877932,
      0.2388778148124045,
      0.23699802704836226,
      0.23706608099070942,
      0.2390702739825845,
      0.2356878440640434,
      0.23635620732425838,
      0.23542494892006305,
      0.23598712631279045,
      0.23690229233310753,
      0.23675713916880153,
      0.23566841089126492,
      0.2363106534276685,
      0.23582854240999537,
      0.2348873082978255,
      0.23365840698984824,
      0.23760256701906274,
      0.23542292839366788,
      0.2348939657419531,
      0.2346843936470185,
      0.23475719840138082,
      0.23405614245589873,
      0.2336735935103639,
      0.23515498258736903,
      0.2359337360988595,
      0.2360479009144675,
      0.23634645986068467,
      0.2367222155172785,
      0.23464687766478892,
      0.23426550166557414,
      0.23463845380991347,
      0.23448861714635688,
      0.2345514990111881,
      0.23486363760240433,
      0.23571581467093577,
      0.23526269498940783,
      0.2355833581568137,
      0.2348734604891526,
      0.2354635402563547,
      0.2356773015053514,
      0.23713047279015437,
      0.23439344591648373,
      0.23571308074850944
    ],
    "curve_std": [
      0.008638248094488451,
      0.03394108254241291,
      0.029326296032852858,
      0.028984437135266966,
      0.02570572058940597,
      0.021615299206951988,
      0.021207620410163976,
      0.019277987986597897,
      0.020651121769372928,
      0.0216899144761099,
      0.02126048894161297,
      0.019623393044453777,
      0.019525537417244727,
      0.021978068024193956,
      0.018111835725830156,
      0.021231630422095644,
      0.01982269942151115,
      0.01683442961341106,
      0.01949753178137637,
      0.017677178530563217,
      0.02007050270181326,
      0.02096391066561337,
      0.018131738774126716,
      0.021425718209853534,
      0.01952623722205481,
      0.018957803460293,
      0.020679994917073032,
      0.02140263629490967,
      0.020851571327308065,
      0.018476993632366562,
      0.020714815898045802,
      0.021104000257957667,
      0.01983721116159168,
      0.022294242922281042,
      0.021137859770423834,
      0.02007178745712501,
      0.02154562455383218,
      0.02150383848114174,
      0.020135754195934854,
      0.017406632727490733,
      0.0189369119153081,
      0.018650086552075038,
      0.02074356451996551,
      0.01822211786639005,
      0.020911056719806684,
      0.019402961694922758,
      0.019568140688082977,
      0.020783807810082006,
      0.019717582611327826,
      0.018822992317875726,
      0.01842189126063999,
      0.019500280437179426,
      0.020128895386731127,
      0.018576205094832647,
      0.021531205467102587,
      0.01809948156095566,
      0.019103735217873258,
      0.01892480688720285,
      0.018525814646051287,
      0.018370896869619863,
      0.01781975285849506,
      0.019169551143452895,
      0.019709265218578617,
      0.019003707006700135,
      0.017675189675161084,
      0.019301824396085868,
      0.01982950271804109,
      0.01915146804262008,
      0.020144323325504445,
      0.019494767669578934,
      0.01910285896171076,
      0.021188841106563012,
      0.018720701764184017,
      0.01942245258785853,
      0.019159201265577686,
      0.020201513148242863,
      0.019724582925822742,
      0.019989875935247644,
      0.017041679188236927,
      0.02069016822411175,
      0.018407790696402773
    ]
  },
  "gradnorm": {
    "final_mean": 0.23761101425702372,
    "final_std": 0.020262610583829128,
    "curve_x": [
      128,
      6528,
      12928,
      19328,
      25728,
      32128,
      38528,
      44928,
      51328,
      57728,
      64128,
      70528,
      76928,
      83328,
      89728,
      96128,
      102528,
      108928,
      115328,
      121728,
      128128,
      134528,
      140928,
      147328,
      153728,
      160128,
      166528,
      172928,
      179328,
      185728,
      192128,
      198528,
      204928,
      211328,
      217728,
      224128,
      230528,
      236928,
      243328,
      249728,
      256128,
      262528,
      268928,
      275328,
      281728,
      288128,
      294528,
      300928,
      307328,
      313728,
      320128,
      326528,
      332928,
      339328,
      345728,
      352128,
      358528,
      364928,
      371328,
      377728,
      384128,
      390528,
      396928,
      403328,
      409728,
      416128,
      422528,
      428928,
      435328,
      441728,
      448128,
      454528,
      460928,
      467328,
      473728,
      480128,
      486528,
      492928,
      499328,
      505728,
      512000
    ],