{
  "uniform": {
    "final_mean": 0.5325761543488251,
    "final_std": 0.036285327959305294,
    "curve_x": [
      0,
      6400,
      12800,
      19200,
      25600,
      32000,
      38400,
      44800,
      51200,
      57600,
      64000,
      70400,
      76800,
      83200,
      89600,
      96000,
      102400,
      108800,
      115200,
      121600,
      128000,
      134400,
      140800,
      147200,
      153600,
      160000,
      166400,
      172800,
      179200,
      185600,
      192000,
      198400,
      204800,
      211200,
      217600,
      224000,
      230400,
      236800,
      243200,
      249600,
      256000,
      262400,
      268800,
      275200,
      281600,
      288000,
      294400,
      300800,
      307200,
      313600,
      320000,
      326400,
      332800,
      339200,
      345600,
      352000,
      358400,
      364800,
      371200,
      377600,
      384000,
      390400,
      396800,
      403200,
      409600,
      416000,
      422400,
      428800,
      435200,
      441600,
      448000,
      454400,
      460800,
      467200,
      473600,
      480000,
      486400,
      492800,
      499200,
      505600,
      511872
    ],
    "curve_mean": [
      3.5982013138210873,
      2.271667500778732,
      1.888386576348547,
      1.592301766929005,
      1.379420199282561,
      1.2119070112627397,
      1.085482646913531,
      0.9793810752307122,
      0.9059500570487193,
      0.8413161662936096,
      0.803703500772653,
      0.7627480614341747,
      0.7357006955468335,
      0.7121829890529547,
      0.6963491373915259,
      0.6827966760396931,
      0.6660467545197216,
      0.6581648839613387,
      0.6451645908506686,
      0.6377421006340513,
      0.6335320210044064,
      0.6257877763203562,
      0.6168684130246875,
      0.6115389318352236,
      0.6060515718073455,
      0.6059064755161878,
      0.6016229050977849,
      0.5945547369438821,
      0.5950131688955427,
      0.5876128252455685,
      0.5858778548447875,
      0.5830647442347351,
      0.5775532767273589,
      0.5791075369433473,
      0.5747855801105572,
      0.5705972893423229,
      0.5715239727775575,
      0.5663882829730262,
      0.569281045004516,
      0.5633862749224301,
      0.5641167591916993,
      0.558469347142206,
      0.5581710359712693,
      0.5558837715196531,
      0.558055032945198,
      0.557296635914097,
      0.5517213048706632,
      0.554193428553243,
      0.5527534657054278,
      0.5508846875476656,
      0.5484763123717782,
      0.5520838222496725,
      0.5493036737736305,
      0.5474216961503926,
      0.54797896724023,
      0.5470728607561968,
      0.5432904940384178,
      0.5444956708391838,
      0.5409404862977203,
      0.5432252347288247,
      0.543251689870527,
      0.5417138313542171,
      0.5431374843527501,
      0.5397260675343539,
      0.542241975998162,
      0.5397643593861948,
      0.5390858832732532,
      0.5361623996393047,
      0.5377950746036289,
      0.5372894502141052,
      0.5344347150566566,
      0.5355159838081359,
      0.538069532724928,
      0.5367714501101476,
      0.5375671761947636,
      0.5341453848818778,
      0.5379595049748841,
      0.5389950848009344,
      0.5351053935866781,
      0.5329197235808023,
      0.5325761543488251
    ],
    "curve_std": [
      0.011948471901689066,
      0.012748275843733895,
      0.016608815136712363,
      0.017419116029166865,
      0.02770457949428281,
      0.029085517105177518,
      0.03743752448914813,
      0.0431678839154176,
      0.045315467544897375,
      0.04282492489242337,
      0.04659416557238713,
      0.04168077807688213,
      0.042647114337799545,
      0.043416623404384985,
      0.047283165123005705,
      0.0389465881601406,
      0.0430975106080176,
      0.04326643155404976,
      0.04458247737610179,
      0.04221202397277181,
      0.04191574876272974,
      0.04192511513684138,
      0.03943975174883607,
      0.03999645132663577,
      0.03835490148049065,
      0.03998826961932155,
      0.03952841275307644,
      0.03863309427947157,
      0.0406284389002672,
      0.0361752682589563,
      0.037087851138694186,
      0.037201452131128236,
      0.03617357077828431,
      0.04004546171951911,
      0.03752082377599549,
      0.03461749703141409,
      0.03829979523661819,
      0.03603004012640682,
      0.03648050503559016,
      0.03783082431929121,
      0.03520595812412976,
      0.03444789194632095,
      0.03673197415208878,
      0.034274330881367436,
      0.035532627537180304,
      0.03347210174016942,
      0.03315371314451003,
      0.03570792320287831,
      0.0356727114202465,
      0.03578018029421308,
      0.03579566734183774,
      0.03471582912788201,
      0.0348186639904325,
      0.03128456568454113,
      0.0363442675195361,
      0.03597053171752128,
      0.03585487852309024,
      0.03457164585204042,
      0.03769101392637553,
      0.03404007031428759,
      0.03337751403814199,
      0.03862118484744068,
      0.03638332360726707,
      0.03215120995903876,
      0.03403528029199135,
      0.03306638693099865,
      0.034431645395477,
      0.03422204884180465,
      0.03633661487862816,
      0.03501212655577682,
      0.03317010905235693,
      0.03453108396686725,
      0.03613469848147475,
      0.033821191237758085,
      0.03342729597616479,
      0.03460833421253809,
      0.0348183471082799,
      0.03488704099211343,
      0.032390520475255334,
      0.03357656118259795,
      0.036285327959305294
    ]
  },
  "gradnorm": {
    "final_mean": 0.5258515561928948,
    "final_std": 0.030913113774300033,
    "curve_x": [
      128,
      6528,
      12928,
      19328,
      25728,
      32128,
      38528,
      44928,
      51328,
      57728,
      64128,
      70528,
      76928,
      83328,
      89728,
      96128,
      102528,
      108928,
      115328,
      121728,
      128128,
      134528,
      140928,
      147328,
      153728,
      160128,
      166528,
      172928,
      179328,
      185728,
      192128,
      198528,
      204928,
      211328,
      217728,
      224128,
      230528,
      236928,
      243328,
      249728,
      256128,
      262528,
      268928,
      275328,
      281728,
      288128,
      294528,
      300928,
      307328,
      313728,
      320128,
      326528,
      332928,
      339328,
      345728,
      352128,
      358528,
      364928,
      371328,
      377728,
      384128,
      390528,
      396928,
      403328,
      409728,
      416128,
      422528,
      428928,
      435328,
      441728,
      448128,
      454528,
      460928,
      467328,
      473728,
      480128,
      486528,
      492928,
      499328,
      505728,
      512000
    ],