{
  "uniform": {
    "final_mean": 0.25175809619305084,
    "final_std": 0.018968112694171545,
    "curve_x": [
      0,
      2560,
      5120,
      7680,
      10240,
      12800,
      15360,
      17920,
      20480,
      23040,
      25600,
      28160,
      30720,
      33280,
      35840,
      38400,
      40960,
      43520,
      46080,
      48640,
      51200,
      53760,
      56320,
      58880,
      61440,
      64000,
      66560,
      69120,
      71680,
      74240,
      76672
    ],
    "curve_mean": [
      3.50600901194681,
      1.9067214357021254,
      1.2746385095665445,
      0.8829068186935174,
      0.6610173504127979,
      0.539274855286511,
      0.46414671102276917,
      0.4178822939901,
      0.38747915757851426,
      0.3570321136587975,
      0.34038598031824024,
      0.321578597477348,
      0.30899844098644796,
      0.30039236297985517,
      0.2932393237219709,
      0.28070649354959304,
      0.27867689406403184,
      0.27849188057845486,
      0.2691817506595139,
      0.2723502307445983,
      0.2644093121107875,
      0.2604251566640134,
      0.2586623797788704,
      0.2578436274718269,
      0.252852642473263,
      0.25661477761834883,
      0.25554333378826416,
      0.2543201907239152,
      0.25053677692600534,
      0.2499439280621693,
      0.25175809619305084
    ],
    "curve_std": [
      0.00863824809448856,
      0.04853086067891926,
      0.03326620464763773,
      0.028012969069341094,
      0.024523269546166387,
      0.02932629603285288,
      0.030035573395352906,
      0.027994994274183217,
      0.030031639739868027,
      0.027049232626994088,
      0.025705720589405942,
      0.02425919364636136,
      0.02056436047691226,
      0.021737615433898128,
      0.02114214244004313,
      0.021207620410163993,
      0.02007687680552268,
      0.02400309802044141,
      0.020559297165097534,
      0.01813819649057682,
      0.02065112176937292,
      0.019854395884337545,
      0.019669020556087505,
      0.020896949777348014,
      0.020873299165352147,
      0.021260488941612976,
      0.022893073355840596,
      0.02199468797473911,
      0.021248917184819978,
      0.020437171968061846,
      0.018968112694171545
    ]
  },
  "gradnorm": {
    "final_mean": 0.24419009723951962,
    "final_std": 0.022663745710652803,
    "curve_x": [
      128,
      2688,
      5248,
      7808,
      10368,
      12928,
      15488,
      18048,
      20608,
      23168,
      25728,
      28288,
      30848,
      33408,
      35968,
      38528,
      41088,
      43648,
      46208,
      48768,
      51328,
      53888,
      56448,
      59008,
      61568,
      64128,
      66688,
      69248,
      71808,
      74368,
      76800
    ],
    "curve_mean": [
      3.5108745378636628,
      1.9140951414781227,
      1.2775211650576082,
      0.8879605559612491,
      0.6623673982175486,
      0.531525641296659,
      0.45912656110296224,
      0.4099387981150623,
      0.37651860990442787,
      0.3471202227826805,
      0.32768027468697547,
      0.3096654609308309,
      0.2973857465601692,
      0.2887397694642094,
      0.28065992433866993,
      0.2738298657725778,
      0.269417755304277,
      0.2625941329232109,
      0.260111626758759,
      0.2578314492242629,
      0.25571079401125035,
      0.25350741925644166,
      0.25249512895317405,
      0.2531112372260296,
      0.25434040890717313,
      0.25269899818435954,
      0.2447133508641563,
      0.24842936603543064,
      0.25333079951065113,
      0.24265302570563216,
      0.24419009723951962
    ],
    "curve_std": [
      0.024034288951409903,
      0.039389072348350436,
      0.04092079015475871,
      0.041018217339530476,
      0.026009511746451698,
      0.029297235935746967,
      0.030186936398516925,
      0.03073068289731338,
      0.0299826646353355,
      0.027830101651446077,
      0.027599171571321298,
      0.025043092051320177,
      0.024222434252226945,
      0.022749984911604248,
      0.018861700363518228,
      0.02019914568613848,
      0.0247392736544306,
      0.02145101331575593,
      0.019308303635914587,
      0.020320948663898115,
      0.02129779707369846,
      0.0190038395511752,
      0.022406328010595722,
      0.02361009397243667,
      0.028407901641472118,
      0.00830473838740023,
      0.019584420526248012,
      0.014367288668319819,
      0.02151012250452863,
      0.019673489227581935,
      0.022663745710652803
    ]
  },
  "learned": {
    "final_mean": 0.2618429415470539,
    "final_std": 0.01367154816492989,
    "curve_x": [
      128,
      2688,
      5248,
      7808,
      10368,
      12928,
      15488,
      18048,
      20608,
      23168,
      25728,
      28288,
      30848,
      33408,
      35968,
      38528,
      41088,
      43648,
      46208,
      48768,
      51328,
      53888,
      56448,
      59008,
      61568,
      64128,
      66688,
      69248,
      71808,
      74368,
      76800
    ],
    "curve_mean": [
      3.509034001698507,
      1.9138688225138907,
      1.2809177967017304,
      0.8865681778595678,
      0.6619470966167859,
      0.5479208728851914,
      0.4844853610305443,
      0.4498910540218838,
      0.3780011033851404,
      0.3658206283468901,
      0.33044781170373183,
      0.312914134085083,
      0.3506699369788726,
      0.3174682945869519,
      0.2892734619959996,
      0.3038271890597187,
      0.28977815379147975,
      0.28267665905743217,
      0.2911432729941864,
      0.2707040753940157,
      0.2842156094802276,
      0.28574689752463306,
      0.27352414003168796,
      0.27889786507317815,
      0.27993996608002203,
      0.2696267828074616,
      0.2629581933576224,
      0.26116341385611763,
      0.2582902842427742,
      0.26363703695673013,
      0.2618429415470539
    ],
    "curve_std": [
      0.022023428997851462,
      0.041558401027031094,
      0.04369369306426793,
      0.034489488870415065,
      0.03603875346661053,
      0.025515183780808113,
      0.04047469473733037,
      0.01884882779283562,
      0.02174853707686256,
      0.04301354610044207,
      0.013707453412287888,
      0.017751713475389945,
      0.08703793967776502,
      0.04651713718984233,
      0.010347766471715076,
      0.047552860343980145,
      0.005238686472007704,
      0.010206738064949438,
      0.031656451298775444,
      0.011138067680659818,
      0.03222804624444629,
      0.03654205115652824,
      0.029302511090130448,
      0.02318167374629114,
      0.023421649528945678,
      0.014273675397741752,
      0.01285713303565228,
      0.016336816229414502,
      0.016698565735889872,
      0.015083826615687404,
      0.01367154816492989
    ]
  },
  "efficiency": {
    "uniform": {
      "tau": 0.27175809619305086,
      "mean_examples": 50688.0,
      "frac_reached": 1.0
    },
    "gradnorm": {
      "tau": 0.27175809619305086,
      "mean_examples": 43648.0,
      "frac_reached": 1.0
    },
    "learned": {
      "tau": 0.27175809619305086,
      "mean_examples": 59980.8,
      "frac_reached": 1.0
    }
  },
  "paired": {
    "learned_vs_uniform_mean": -0.010084845354003048,
    "learned_vs_uniform_t": -1.9053296018522479,
    "learned_vs_gradnorm_mean": -0.01765284430753426,
    "learned_vs_gradnorm_t": -2.750793418239347,
    "n_seeds": 5
  },
  "mean_phi": [
    -0.5687594542146227,
    1.5817260068347265,
    0.1694288964284511,
    -0.04981513513794374,
    0.00015069457867198863
  ],
  "overhead": {
    "gradnorm_passes_heuristic": 600.0,
    "gradnorm_passes_learned": 150.0,
    "saved_fraction": 0.75
  },
  "config": {
    "n_chars": 120000,
    "context": 8,
    "steps": 600,
    "batch": 128,
    "pool_size": 512,
    "lr": 0.5,
    "meta_lr": 0.5,
    "amortize_after": 150,
    "eval_every": 20,
    "seeds": [
      0,
      1,
      2,
      3,
      4
    ]
  }
}